"attribute1","attribute2","attribute3","attribute4","attribute5","attribute6","attribute7","attribute8","attribute9","attribute10","attribute11","attribute12","attribute13","attribute14","attribute15","attribute16","attribute17","attribute18","attribute19","attribute20","attribute21","attribute22","attribute23","attribute24","attribute25","attribute26","attribute27","attribute28","attribute29","attribute30","name"
"Andorra","Europe",,,,,,,,,,,,,,,,,,,,,,,,,,,,,"AD"
"United Arab Emirates","Asia",,,,,,,,,,,,,,,,,,,,,,,,,,,,,"AE"
"Afghanistan","Asia",,,,,,"AFN",,,,,,,,,,,,,,,,,,,,,,,"AF"
"Antigua and Barbuda","America",,,,,,,,,,,,,,,,,,,,,,,,,,,,,"AG"
"Anguilla","America",,,,,,,,,,,,,,,,,,,,,,,,,,,,,"AI"
"Albania","Europe",,,,,,"ALL",,,,,,,,,,,,,,,,,,,,,,,"AL"
"Armenia","Asia",,,,,,"AMD",,,,,,,,,,,,,,,,,,,,,,,"AM"
"Angola","Africa",,,,,,"AOA",,,,,,,,,,,,,,,,,,,,,,,"AO"
"Antarctica",,,,,,,,,,,,,,,,,,,,,,,,,,,,,,"AQ"
"Argentina","America",,,,,,"ARS",,,,,,,,,,,,,,,,,,,,,,,"AR"
"American Samoa","Oceania",,,,,,,,,,,,,,,,,,,,,,,,,,,,,"AS"
"Austria","Europe",,,,,,"EUR",,,,,,,,,,,,,,,,,,,,,,,"AT"
"Australia","Oceania",,,,,,"AUD",,,,,,,,,,,,,,,,,,,,,,,"AU"
"Aruba","America",,,,,,,,,,,,,,,,,,,,,,,,,,,,,"AW"
"Åland Islands","Europe",,,,,,,,,,,,,,,,,,,,,,,,,,,,,"AX"
"Azerbaijan","Asia",,,,,,"AZN",,,,,,,,,,,,,,,,,,,,,,,"AZ"
"Bosnia and Herzegovina","Europe",,,,,,"BAM",,,,,,,,,,,,,,,,,,,,,,,"BA"
"Barbados","America",,,,,,,,,,,,,,,,,,,,,,,,,,,,,"BB"
"Bangladesh","Asia",,,,,,"BDT",,,,,,,,,,,,,,,,,,,,,,,"BD"
"Belgium","Europe",,,,,,"EUR",,,,,,,,,,,,,,,,,,,,,,,"BE"
"Burkina Faso","Africa",,,,,,,,,,,,,,,,,,,,,,,,,,,,,"BF"
"Bulgaria","Europe",,,,,,"BGN",,,,,,,,,,,,,,,,,,,,,,,"BG"
"Bahrain","Asia",,,,,,,,,,,,,,,,,,,,,,,,,,,,,"BH"
"Burundi","Africa",,,,,,"BIF",,,,,,,,,,,,,,,,,,,,,,,"BI"
"Benin","Africa",,,,,,,,,,,,,,,,,,,,,,,,,,,,,"BJ"
"Saint Barthélemy","America",,,,,,,,,,,,,,,,,,,,,,,,,,,,,"BL"
"Bermuda","America",,,,,,,,,,,,,,,,,,,,,,,,,,,,,"BM"
"Brunei Darussalam","Asia",,,,,,,,,,,,,,,,,,,,,,,,,,,,,"BN"
"Bolivia (Plurinational State of)","America",,,,,,"BOB",,,,,,,,,,,,,,,,,,,,,,,"BO"
"Bonaire, Sint Eustatius and Saba","America",,,,,,"USD",,,,,,,,,,,,,,,,,,,,,,,"BQ"
"Brazil","America",,,,,,"BRL",,,,,,,,,,,,,,,,,,,,,,,"BR"
"Bahamas","America",,,,,,,,,,,,,,,,,,,,,,,,,,,,,"BS"
"Bhutan","Asia",,,,,,"BTN",,,,,,,,,,,,,,,,,,,,,,,"BT"
"Bouvet Island","America",,,,,,,,,,,,,,,,,,,,,,,,,,,,,"BV"
"Botswana","Africa",,,,,,"BWP",,,,,,,,,,,,,,,,,,,,,,,"BW"
"Belarus","Europe",,,,,,"BYR",,,,,,,,,,,,,,,,,,,,,,,"BY"
"Belize","America",,,,,,,,,,,,,,,,,,,,,,,,,,,,,"BZ"
"Canada","America",,,,,,"CAD",,,,,,,,,,,,,,,,,,,,,,,"CA"
"Cocos (Keeling) Islands","Oceania",,,,,,,,,,,,,,,,,,,,,,,,,,,,,"CC"
"Congo, Democratic Republic of the","Africa",,,,,,"CDF",,,,,,,,,,,,,,,,,,,,,,,"CD"
"Central African Republic","Africa",,,,,,,,,,,,,,,,,,,,,,,,,,,,,"CF"
"Congo","Africa",,,,,,,,,,,,,,,,,,,,,,,,,,,,,"CG"
"Switzerland","Europe",,,,,,"CHF",,,,,,,,,,,,,,,,,,,,,,,"CH"
"Côte d'Ivoire","Africa",,,,,,"XOF",,,,,,,,,,,,,,,,,,,,,,,"CI"
"Cook Islands","Oceania",,,,,,,,,,,,,,,,,,,,,,,,,,,,,"CK"
"Chile","America",,,,,,"CLP",,,,,,,,,,,,,,,,,,,,,,,"CL"
"Cameroon","Africa",,,,,,"XAF",,,,,,,,,,,,,,,,,,,,,,,"CM"
"China","Asia",,,,,,"CNY",,,,,,,,,,,,,,,,,,,,,,,"CN"
"Colombia","America",,,,,,"COP",,,,,,,,,,,,,,,,,,,,,,,"CO"
"Costa Rica","America",,,,,,"CRC",,,,,,,,,,,,,,,,,,,,,,,"CR"
"Cuba","America",,,,,,"CUP",,,,,,,,,,,,,,,,,,,,,,,"CU"
"Cabo Verde","Africa",,,,,,,,,,,,,,,,,,,,,,,,,,,,,"CV"
"Curaçao","America",,,,,,,,,,,,,,,,,,,,,,,,,,,,,"CW"
"Christmas Island","Oceania",,,,,,,,,,,,,,,,,,,,,,,,,,,,,"CX"
"Cyprus","Asia",,,,,,"EUR",,,,,,,,,,,,,,,,,,,,,,,"CY"
"Czechia","Europe",,,,,,"CZK",,,,,,,,,,,,,,,,,,,,,,,"CZ"
"Germany","Europe",,,,,,"EUR",,,,,,,,,,,,,,,,,,,,,,,"DE"
"Djibouti","Africa",,,,,,,,,,,,,,,,,,,,,,,,,,,,,"DJ"
"Denmark","Europe",,,,,,"DKK",,,,,,,,,,,,,,,,,,,,,,,"DK"
"Dominica","America",,,,,,,,,,,,,,,,,,,,,,,,,,,,,"DM"
"Dominican Republic","America",,,,,,"DOP",,,,,,,,,,,,,,,,,,,,,,,"DO"
"Algeria","Africa",,,,,,,,,,,,,,,,,,,,,,,,,,,,,"DZ"
"Ecuador","America",,,,,,"USD",,,,,,,,,,,,,,,,,,,,,,,"EC"
"Estonia","Europe",,,,,,"EUR",,,,,,,,,,,,,,,,,,,,,,,"EE"
"Egypt","Africa",,,,,,"EGP",,,,,,,,,,,,,,,,,,,,,,,"EG"
"Western Sahara","Africa",,,,,,,,,,,,,,,,,,,,,,,,,,,,,"EH"
"Eritrea","Africa",,,,,,,,,,,,,,,,,,,,,,,,,,,,,"ER"
"Spain","Europe",,,,,,"EUR",,,,,,,,,,,,,,,,,,,,,,,"ES"
"Ethiopia","Africa",,,,,,"ETB",,,,,,,,,,,,,,,,,,,,,,,"ET"
"Finland","Europe",,,,,,"EUR",,,,,,,,,,,,,,,,,,,,,,,"FI"
"Fiji","Oceania",,,,,,,,,,,,,,,,,,,,,,,,,,,,,"FJ"
"Falkland Islands (Malvinas)","America",,,,,,,,,,,,,,,,,,,,,,,,,,,,,"FK"
"Micronesia (Federated States of)","Oceania",,,,,,"USD",,,,,,,,,,,,,,,,,,,,,,,"FM"
"Faroe Islands","Europe",,,,,,,,,,,,,,,,,,,,,,,,,,,,,"FO"
"France","Europe",,,,,,"EUR",,,,,,,,,,,,,,,,,,,,,,,"FR"
"Gabon","Africa",,,,,,,,,,,,,,,,,,,,,,,,,,,,,"GA"
"United Kingdom of Great Britain and Northern Ireland","Europe",,,,,,"GBP",,,,,,,,,,,,,,,,,,,,,,,"GB"
"Grenada","America",,,,,,,,,,,,,,,,,,,,,,,,,,,,,"GD"
"Georgia","Asia",,,,,,"GEL",,,,,,,,,,,,,,,,,,,,,,,"GE"
"French Guiana","America",,,,,,,,,,,,,,,,,,,,,,,,,,,,,"GF"
"Guernsey","Europe",,,,,,,,,,,,,,,,,,,,,,,,,,,,,"GG"
"Ghana","Africa",,,,,,"GHS",,,,,,,,,,,,,,,,,,,,,,,"GH"
"Gibraltar","Europe",,,,,,,,,,,,,,,,,,,,,,,,,,,,,"GI"
"Greenland","America",,,,,,,,,,,,,,,,,,,,,,,,,,,,,"GL"
"Gambia","Africa",,,,,,,,,,,,,,,,,,,,,,,,,,,,,"GM"
"Guinea","Africa",,,,,,"GNF",,,,,,,,,,,,,,,,,,,,,,,"GN"
"Guadeloupe","America",,,,,,,,,,,,,,,,,,,,,,,,,,,,,"GP"
"Equatorial Guinea","Africa",,,,,,"XAF",,,,,,,,,,,,,,,,,,,,,,,"GQ"
"Greece","Europe",,,,,,"EUR",,,,,,,,,,,,,,,,,,,,,,,"GR"
"South Georgia and the South Sandwich Islands","America",,,,,,,,,,,,,,,,,,,,,,,,,,,,,"GS"
"Guatemala","America",,,,,,"GTQ",,,,,,,,,,,,,,,,,,,,,,,"GT"
"Guam","Oceania",,,,,,,,,,,,,,,,,,,,,,,,,,,,,"GU"
"Guinea-Bissau","Africa",,,,,,"XOF",,,,,,,,,,,,,,,,,,,,,,,"GW"
"Guyana","America",,,,,,,,,,,,,,,,,,,,,,,,,,,,,"GY"
"Hong Kong","Asia",,,,,,,,,,,,,,,,,,,,,,,,,,,,,"HK"
"Heard Island and McDonald Islands","Oceania",,,,,,,,,,,,,,,,,,,,,,,,,,,,,"HM"
"Honduras","America",,,,,,"HNL",,,,,,,,,,,,,,,,,,,,,,,"HN"
"Croatia","Europe",,,,,,"HRK",,,,,,,,,,,,,,,,,,,,,,,"HR"
"Haiti","America",,,,,,"HTG",,,,,,,,,,,,,,,,,,,,,,,"HT"
"Hungary","Europe",,,,,,"HUF",,,,,,,,,,,,,,,,,,,,,,,"HU"
"Indonesia","Asia",,,,,,"IDR",,,,,,,,,,,,,,,,,,,,,,,"ID"
"Ireland","Europe",,,,,,"EUR",,,,,,,,,,,,,,,,,,,,,,,"IE"
"Israel","Asia",,,,,,"ILS",,,,,,,,,,,,,,,,,,,,,,,"IL"
"Isle of Man","Europe",,,,,,,,,,,,,,,,,,,,,,,,,,,,,"IM"
"India","Asia",,,,,,,,,,,,,,,,,,,,,,,,,,,,,"IN"
"British Indian Ocean Territory","Africa",,,,,,,,,,,,,,,,,,,,,,,,,,,,,"IO"
"Iraq","Asia",,,,,,"IQD",,,,,,,,,,,,,,,,,,,,,,,"IQ"
"Iran (Islamic Republic of)","Asia",,,,,,"IRR",,,,,,,,,,,,,,,,,,,,,,,"IR"
"Iceland","Europe",,,,,,,,,,,,,,,,,,,,,,,,,,,,,"IS"
"Italy","Europe",,,,,,,,,,,,,,,,,,,,,,,,,,,,,"IT"
"Jersey","Europe",,,,,,,,,,,,,,,,,,,,,,,,,,,,,"JE"
"Jamaica","America",,,,,,"JMD",,,,,,,,,,,,,,,,,,,,,,,"JM"
"Jordan","Asia",,,,,,"JOD",,,,,,,,,,,,,,,,,,,,,,,"JO"
"Japan","Asia",,,,,,"JPY",,,,,,,,,,,,,,,,,,,,,,,"JP"
"Kenya","Africa",,,,,,"KES",,,,,,,,,,,,,,,,,,,,,,,"KE"
"Kyrgyzstan","Asia",,,,,,"KGS",,,,,,,,,,,,,,,,,,,,,,,"KG"
"Cambodia","Asia",,,,,,"KHR",,,,,,,,,,,,,,,,,,,,,,,"KH"
"Kiribati","Oceania",,,,,,,,,,,,,,,,,,,,,,,,,,,,,"KI"
"Comoros","Africa",,,,,,"KMF",,,,,,,,,,,,,,,,,,,,,,,"KM"
"Saint Kitts and Nevis","America",,,,,,,,,,,,,,,,,,,,,,,,,,,,,"KN"
"Korea (Democratic People's Republic of)","Asia",,,,,,"KPW",,,,,,,,,,,,,,,,,,,,,,,"KP"
"Korea, Republic of","Asia",,,,,,"KRW",,,,,,,,,,,,,,,,,,,,,,,"KR"
"Kuwait","Asia",,,,,,"KWD",,,,,,,,,,,,,,,,,,,,,,,"KW"
"Cayman Islands","America",,,,,,,,,,,,,,,,,,,,,,,,,,,,,"KY"
"Kazakhstan","Asia",,,,,,"KZT",,,,,,,,,,,,,,,,,,,,,,,"KZ"
"Lao People's Democratic Republic","Asia",,,,,,,,,,,,,,,,,,,,,,,,,,,,,"LA"
"Lebanon","Asia",,,,,,"LBP",,,,,,,,,,,,,,,,,,,,,,,"LB"
"Saint Lucia","America",,,,,,,,,,,,,,,,,,,,,,,,,,,,,"LC"
"Liechtenstein","Europe",,,,,,,,,,,,,,,,,,,,,,,,,,,,,"LI"
"Sri Lanka","Asia",,,,,,"LKR",,,,,,,,,,,,,,,,,,,,,,,"LK"
"Liberia","Africa",,,,,,,,,,,,,,,,,,,,,,,,,,,,,"LR"
"Lesotho","Africa",,,,,,"LSL",,,,,,,,,,,,,,,,,,,,,,,"LS"
"Lithuania","Europe",,,,,,,,,,,,,,,,,,,,,,,,,,,,,"LT"
"Luxembourg","Europe",,,,,,"EUR",,,,,,,,,,,,,,,,,,,,,,,"LU"
"Latvia","Europe",,,,,,"EUR",,,,,,,,,,,,,,,,,,,,,,,"LV"
"Libya","Africa",,,,,,,,,,,,,,,,,,,,,,,,,,,,,"LY"
"Morocco","Africa",,,,,,"MAD",,,,,,,,,,,,,,,,,,,,,,,"MA"
"Monaco","Europe",,,,,,,,,,,,,,,,,,,,,,,,,,,,,"MC"
"Moldova, Republic of","Europe",,,,,,"MDL",,,,,,,,,,,,,,,,,,,,,,,"MD"
"Montenegro","Europe",,,,,,,,,,,,,,,,,,,,,,,,,,,,,"ME"
"Saint Martin (French part)","America",,,,,,,,,,,,,,,,,,,,,,,,,,,,,"MF"
"Madagascar","Africa",,,,,,"MGA",,,,,,,,,,,,,,,,,,,,,,,"MG"
"Marshall Islands","Oceania",,,,,,,,,,,,,,,,,,,,,,,,,,,,,"MH"
"North Macedonia","Europe",,,,,,"MKD",,,,,,,,,,,,,,,,,,,,,,,"MK"
"Mali","Africa",,,,,,,,,,,,,,,,,,,,,,,,,,,,,"ML"
"Myanmar","Asia",,,,,,"MMK",,,,,,,,,,,,,,,,,,,,,,,"MM"
"Mongolia","Asia",,,,,,"MNT",,,,,,,,,,,,,,,,,,,,,,,"MN"
"Macao","Asia",,,,,,,,,,,,,,,,,,,,,,,,,,,,,"MO"
"Northern Mariana Islands","Oceania",,,,,,,,,,,,,,,,,,,,,,,,,,,,,"MP"
"Martinique","America",,,,,,,,,,,,,,,,,,,,,,,,,,,,,"MQ"
"Mauritania","Africa",,,,,,,,,,,,,,,,,,,,,,,,,,,,,"MR"
"Montserrat","America",,,,,,,,,,,,,,,,,,,,,,,,,,,,,"MS"
"Malta","Europe",,,,,,,,,,,,,,,,,,,,,,,,,,,,,"MT"
"Mauritius","Africa",,,,,,,,,,,,,,,,,,,,,,,,,,,,,"MU"
"Maldives","Asia",,,,,,,,,,,,,,,,,,,,,,,,,,,,,"MV"
"Malawi","Africa",,,,,,,,,,,,,,,,,,,,,,,,,,,,,"MW"
"Mexico","America",,,,,,"MXN",,,,,,,,,,,,,,,,,,,,,,,"MX"
"Malaysia","Asia",,,,,,"MYR",,,,,,,,,,,,,,,,,,,,,,,"MY"
"Mozambique","Africa",,,,,,,,,,,,,,,,,,,,,,,,,,,,,"MZ"
"Namibia","Africa",,,,,,"NAD",,,,,,,,,,,,,,,,,,,,,,,"NA"
"New Caledonia","Oceania",,,,,,,,,,,,,,,,,,,,,,,,,,,,,"NC"
"Niger","Africa",,,,,,,,,,,,,,,,,,,,,,,,,,,,,"NE"
"Norfolk Island","Oceania",,,,,,,,,,,,,,,,,,,,,,,,,,,,,"NF"
"Nigeria","Africa",,,,,,"NGN",,,,,,,,,,,,,,,,,,,,,,,"NG"
"Nicaragua","America",,,,,,"NIO",,,,,,,,,,,,,,,,,,,,,,,"NI"
"Netherlands","Europe",,,,,,"EUR",,,,,,,,,,,,,,,,,,,,,,,"NL"
"Norway","Europe",,,,,,"NOK",,,,,,,,,,,,,,,,,,,,,,,"NO"
"Nepal","Asia",,,,,,"NPR",,,,,,,,,,,,,,,,,,,,,,,"NP"
"Nauru","Oceania",,,,,,,,,,,,,,,,,,,,,,,,,,,,,"NR"
"Niue","Oceania",,,,,,,,,,,,,,,,,,,,,,,,,,,,,"NU"
"New Zealand","Oceania",,,,,,"NZD",,,,,,,,,,,,,,,,,,,,,,,"NZ"
"Oman","Asia",,,,,,,,,,,,,,,,,,,,,,,,,,,,,"OM"
"Panama","America",,,,,,"PAB",,,,,,,,,,,,,,,,,,,,,,,"PA"
"Peru","America",,,,,,"PEN",,,,,,,,,,,,,,,,,,,,,,,"PE"
"French Polynesia","Oceania",,,,,,,,,,,,,,,,,,,,,,,,,,,,,"PF"
"Papua New Guinea","Oceania",,,,,,,,,,,,,,,,,,,,,,,,,,,,,"PG"
"Philippines","Asia",,,,,,"PHP",,,,,,,,,,,,,,,,,,,,,,,"PH"
"Pakistan","Asia",,,,,,"PKR",,,,,,,,,,,,,,,,,,,,,,,"PK"
"Poland","Europe",,,,,,"PLN",,,,,,,,,,,,,,,,,,,,,,,"PL"
"Saint Pierre and Miquelon","America",,,,,,,,,,,,,,,,,,,,,,,,,,,,,"PM"
"Pitcairn","Oceania",,,,,,,,,,,,,,,,,,,,,,,,,,,,,"PN"
"Puerto Rico","America",,,,,,"USD",,,,,,,,,,,,,,,,,,,,,,,"PR"
"Palestine, State of","Asia",,,,,,"ILS",,,,,,,,,,,,,,,,,,,,,,,"PS"
"Portugal","Europe",,,,,,"EUR",,,,,,,,,,,,,,,,,,,,,,,"PT"
"Palau","Oceania",,,,,,,,,,,,,,,,,,,,,,,,,,,,,"PW"
"Paraguay","America",,,,,,"PYG",,,,,,,,,,,,,,,,,,,,,,,"PY"
"Qatar","Asia",,,,,,,,,,,,,,,,,,,,,,,,,,,,,"QA"
"Réunion","Africa",,,,,,,,,,,,,,,,,,,,,,,,,,,,,"RE"
"Romania","Europe",,,,,,,,,,,,,,,,,,,,,,,,,,,,,"RO"
"Serbia","Europe",,,,,,"RSD",,,,,,,,,,,,,,,,,,,,,,,"RS"
"Russian Federation","Europe",,,,,,"RUB",,,,,,,,,,,,,,,,,,,,,,,"RU"
"Rwanda","Africa",,,,,,,,,,,,,,,,,,,,,,,,,,,,,"RW"
"Saudi Arabia","Asia",,,,,,"SAR",,,,,,,,,,,,,,,,,,,,,,,"SA"
"Solomon Islands","Oceania",,,,,,,,,,,,,,,,,,,,,,,,,,,,,"SB"
"Seychelles","Africa",,,,,,,,,,,,,,,,,,,,,,,,,,,,,"SC"
"Sudan","Africa",,,,,,"SDG",,,,,,,,,,,,,,,,,,,,,,,"SD"
"Sweden","Europe",,,,,,"SEK",,,,,,,,,,,,,,,,,,,,,,,"SE"
"Singapore","Asia",,,,,,,,,,,,,,,,,,,,,,,,,,,,,"SG"
"Saint Helena, Ascension and Tristan da Cunha","Africa",,,,,,"SHP",,,,,,,,,,,,,,,,,,,,,,,"SH"
"Slovenia","Europe",,,,,,"EUR",,,,,,,,,,,,,,,,,,,,,,,"SI"
"Svalbard and Jan Mayen","Europe",,,,,,,,,,,,,,,,,,,,,,,,,,,,,"SJ"
"Slovakia","Europe",,,,,,,,,,,,,,,,,,,,,,,,,,,,,"SK"
"Sierra Leone","Africa",,,,,,"SLL",,,,,,,,,,,,,,,,,,,,,,,"SL"
"San Marino","Europe",,,,,,,,,,,,,,,,,,,,,,,,,,,,,"SM"
"Senegal","Africa",,,,,,,,,,,,,,,,,,,,,,,,,,,,,"SN"
"Somalia","Africa",,,,,,"SOS",,,,,,,,,,,,,,,,,,,,,,,"SO"
"Suriname","America",,,,,,"SRD",,,,,,,,,,,,,,,,,,,,,,,"SR"
"South Sudan","Africa",,,,,,,,,,,,,,,,,,,,,,,,,,,,,"SS"
"Sao Tome and Principe","Africa",,,,,,,,,,,,,,,,,,,,,,,,,,,,,"ST"
"El Salvador","America",,,,,,"USD",,,,,,,,,,,,,,,,,,,,,,,"SV"
"Sint Maarten (Dutch part)","America",,,,,,,,,,,,,,,,,,,,,,,,,,,,,"SX"
"Syrian Arab Republic","Asia",,,,,,"SYP",,,,,,,,,,,,,,,,,,,,,,,"SY"
"Eswatini","Africa",,,,,,,,,,,,,,,,,,,,,,,,,,,,,"SZ"
"Turks and Caicos Islands","America",,,,,,,,,,,,,,,,,,,,,,,,,,,,,"TC"
"Chad","Africa",,,,,,"XAF",,,,,,,,,,,,,,,,,,,,,,,"TD"
"French Southern Territories","Africa",,,,,,,,,,,,,,,,,,,,,,,,,,,,,"TF"
"Togo","Africa",,,,,,,,,,,,,,,,,,,,,,,,,,,,,"TG"
"Thailand","Asia",,,,,,"THB",,,,,,,,,,,,,,,,,,,,,,,"TH"
"Tajikistan","Asia",,,,,,"TJS",,,,,,,,,,,,,,,,,,,,,,,"TJ"
"Tokelau","Oceania",,,,,,,,,,,,,,,,,,,,,,,,,,,,,"TK"
"Timor-Leste","Asia",,,,,,"USD",,,,,,,,,,,,,,,,,,,,,,,"TL"
"Turkmenistan","Asia",,,,,,,,,,,,,,,,,,,,,,,,,,,,,"TM"
"Tunisia","Africa",,,,,,"TND",,,,,,,,,,,,,,,,,,,,,,,"TN"
"Tonga","Oceania",,,,,,,,,,,,,,,,,,,,,,,,,,,,,"TO"
"Turkey","Asia",,,,,,,,,,,,,,,,,,,,,,,,,,,,,"TR"
"Trinidad and Tobago","America",,,,,,,,,,,,,,,,,,,,,,,,,,,,,"TT"
"Tuvalu","Oceania",,,,,,,,,,,,,,,,,,,,,,,,,,,,,"TV"
"Taiwan, Province of China","Asia",,,,,,,,,,,,,,,,,,,,,,,,,,,,,"TW"
"Tanzania, United Republic of","Africa",,,,,,"TZS",,,,,,,,,,,,,,,,,,,,,,,"TZ"
"Ukraine","Europe",,,,,,"UAH",,,,,,,,,,,,,,,,,,,,,,,"UA"
"Uganda","Africa",,,,,,"UGX",,,,,,,,,,,,,,,,,,,,,,,"UG"
"United States Minor Outlying Islands","Oceania",,,,,,,,,,,,,,,,,,,,,,,,,,,,,"UM"
"United States of America","America",,,,,,"USD",,,,,,,,,,,,,,,,,,,,,,,"US"
"Uruguay","America",,,,,,"UYU",,,,,,,,,,,,,,,,,,,,,,,"UY"
"Uzbekistan","Asia",,,,,,"UZS",,,,,,,,,,,,,,,,,,,,,,,"UZ"
"Holy See","Europe",,,,,,,,,,,,,,,,,,,,,,,,,,,,,"VA"
"Saint Vincent and the Grenadines","America",,,,,,,,,,,,,,,,,,,,,,,,,,,,,"VC"
"Venezuela (Bolivarian Republic of)","America",,,,,,"VEF",,,,,,,,,,,,,,,,,,,,,,,"VE"
"Virgin Islands (British)","America",,,,,,,,,,,,,,,,,,,,,,,,,,,,,"VG"
"Virgin Islands (U.S.)","America",,,,,,,,,,,,,,,,,,,,,,,,,,,,,"VI"
"Viet Nam","Asia",,,,,,"VND",,,,,,,,,,,,,,,,,,,,,,,"VN"
"Vanuatu","Oceania",,,,,,,,,,,,,,,,,,,,,,,,,,,,,"VU"
"Wallis and Futuna","Oceania",,,,,,,,,,,,,,,,,,,,,,,,,,,,,"WF"
"Samoa","Oceania",,,,,,,,,,,,,,,,,,,,,,,,,,,,,"WS"
"Yemen","Asia",,,,,,"YER",,,,,,,,,,,,,,,,,,,,,,,"YE"
"Mayotte","Africa",,,,,,,,,,,,,,,,,,,,,,,,,,,,,"YT"
"South Africa","Africa",,,,,,"ZAR",,,,,,,,,,,,,,,,,,,,,,,"ZA"
"Zambia","Africa",,,,,,"ZMW",,,,,,,,,,,,,,,,,,,,,,,"ZM"
"Zimbabwe","Africa",,,,,,,,,,,,,,,,,,,,,,,,,,,,,"ZW"
